{
  "name": "PlayerLost",
  "bus": "voices",
  "audio_sample_set": [
    {
      "audio_sample": {
        "filename": "sounds/charlose_01.ogg"
      }
    },
    {
      "audio_sample": {
        "filename": "sounds/charlose_02.ogg"
      }
    },
    {
      "audio_sample": {
        "filename": "sounds/charlose_03.ogg"
      }
    },
    {
      "audio_sample": {
        "filename": "sounds/charlose_04.ogg"
      }
    },
    {
      "audio_sample": {
        "filename": "sounds/charlose_05.ogg"
      }
    },
    {
      "audio_sample": {
        "filename": "sounds/charlose_06.ogg"
      }
    },
    {
      "audio_sample": {
        "filename": "sounds/charlose_07.ogg"
      }
    },
    {
      "audio_sample": {
        "filename": "sounds/charlose_08.ogg"
      }
    }
  ]
}
