{
  "name": "Turning",
  "bus": "game_sound_effects",
  "gain": 0.3,
  "priority": 0.1,
  "audio_sample_set": [
    {
      "audio_sample": {
        "filename": "sounds/charrotate_01.ogg"
      }
    },
    {
      "audio_sample": {
        "filename": "sounds/charrotate_02.ogg"
      }
    },
    {
      "audio_sample": {
        "filename": "sounds/charrotate_03.ogg"
      }
    },
    {
      "audio_sample": {
        "filename": "sounds/charrotate_04.ogg"
      }
    },
    {
      "audio_sample": {
        "filename": "sounds/charrotate_05.ogg"
      }
    },
    {
      "audio_sample": {
        "filename": "sounds/charrotate_06.ogg"
      }
    },
    {
      "audio_sample": {
        "filename": "sounds/charrotate_07.ogg"
      }
    },
    {
      "audio_sample": {
        "filename": "sounds/charrotate_08.ogg"
      }
    }
  ]
}
