{
  "character_count": 4,
  "character_arrangements": [
    {
      "character_data": [
        {
          "position": { "x": -5.0, "y": 0.0, "z":  7.6 },
          "left_jump": -1
        },
        {
          "position": { "x": -5.0, "y": 0.0, "z":  17.6 },
          "left_jump": 1
        },
        {
          "position": { "x":  5.0, "y": 0.0, "z":  17.6 },
          "left_jump": 1
        },
        {
          "position": { "x":  5.0, "y": 0.0, "z":  7.6 },
          "left_jump": -1
        }
      ]
    }
  ],

  "ground_plane_width": 16.8,
  "ground_plane_depth": 25.2,

  "camera_position": { "x": -5.1, "y": 2.0, "z": 7.45 },
  "camera_target": { "x": 0.0, "y": 2.0, "z": 12.6 },
  "viewport_angle": 1.570596, // Increase the view to 90 degrees (PI / 2)

  "pie_arc_height": 3.0,
  "pie_arc_height_variance": 0.5,

  "entity_list": [
      // Sky (back):
      {
        "component_list": [
          {
            "data_type": SceneObjectDef,
            "data": {
              "renderable_id": EnvironmentSky,
              "position": { "x": 0, "y": 0, "z":25.2 },
              "scale": { "x": 1.3, "y": 0.9, "z":1 },
              "orientation": { "x": 0, "y": 0, "z":0 },
              "origin_point": { "x": 0, "y": 0, "z":0 },
              "tint": { "x": 1, "y": 1, "z":1, "w": 1 }
            }
          }
        ]
      },

      // Sky (left):
      {
        "component_list": [
          {
            "data_type": SceneObjectDef,
            "data": {
              "renderable_id": EnvironmentSky,
              "position": { "x": -16.8, "y": 0, "z":12.6 },
              "scale": { "x": 1.3, "y": 0.9, "z":1 },
              "orientation": { "x": 0, "y": -90, "z":0 },
              "origin_point": { "x": 0, "y": 0, "z":0 },
              "tint": { "x": 1, "y": 1, "z":1, "w": 1 }
            }
          }
        ]
      },

      // Sky (right):
      {
        "component_list": [
          {
            "data_type": SceneObjectDef,
            "data": {
              "renderable_id": EnvironmentSky,
              "position": { "x": 16.8, "y": 0, "z":12.6 },
              "scale": { "x": 1.3, "y": 0.9, "z":1 },
              "orientation": { "x": 0, "y": 90, "z":0 },
              "origin_point": { "x": 0, "y": 0, "z":0 },
              "tint": { "x": 1, "y": 1, "z":1, "w": 1 }
            }
          }
        ]
      },

      // Sky (front):
      {
        "component_list": [
          {
            "data_type": SceneObjectDef,
            "data": {
              "renderable_id": EnvironmentSky,
              "position": { "x": 0, "y": 0, "z":0 },
              "scale": { "x": 1.3, "y": 0.9, "z":1 },
              "orientation": { "x": 0, "y": 180, "z":0 },
              "origin_point": { "x": 0, "y": 0, "z":0 },
              "tint": { "x": 1, "y": 1, "z":1, "w": 1 }
            }
          }
        ]
      },

      // Sky (top):
      {
        "component_list": [
          {
            "data_type": SceneObjectDef,
            "data": {
              "renderable_id": EnvironmentSkyTop,
              "position": { "x": 0, "y": 18, "z":14 },
              "scale": { "x": 1.1, "y": 0.8, "z":1 },
              "orientation": { "x": -90, "y": 0, "z":0 },
              "origin_point": { "x": 0, "y": 0, "z":0 },
              "tint": { "x": 1, "y": 1, "z":1, "w": 1 }
            }
          }
        ]
      },

      // Sky (top):
      {
        "component_list": [
          {
            "data_type": SceneObjectDef,
            "data": {
              "renderable_id": EnvironmentSkyTop,
              "position": { "x": 0, "y": 18, "z":14 },
              "scale": { "x": 1.1, "y": 0.8, "z":1 },
              "orientation": { "x": 90, "y": 0, "z":0 },
              "origin_point": { "x": 0, "y": 0, "z":0 },
              "tint": { "x": 1, "y": 1, "z":1, "w": 1 }
            }
          }
        ]
      },

      // Sun glow:
      {
        "component_list": [
          {
            "data_type": SceneObjectDef,
            "data": {
              "renderable_id": EnvironmentSunGlow,
              "position": { "x": 4, "y": 5.5, "z":24.2 },
              "scale": { "x": 1, "y": 1, "z":1 },
              "orientation": { "x": 0, "y": 10, "z":0 },
              "origin_point": { "x": 0, "y": 0, "z":0 },
              "tint": { "x": 1, "y": 1, "z":1, "w": 1 }
            }
          }
        ]
      },

      // Store Front (back):
      {
        "component_list": [
          {
            "data_type": SceneObjectDef,
            "data": {
              "renderable_id": EnvironmentStoreFront,
              "position": { "x": -8.5, "y": 0, "z":22.2 },
              "scale": { "x": 1, "y": 1, "z":1 },
              "orientation": { "x": 0, "y": -40, "z":0 },
              "origin_point": { "x": 0, "y": 0, "z":0 },
              "tint": { "x": 1, "y": 1, "z":1, "w": 1 }
            }
          },
          {
            "data_type": ShakeablePropDef,
            "data": {
              "shake_motivator": Sway,
              "shake_scale": 1.0
            }
          }
        ]
      },

      // Store room (back):
      {
        "component_list": [
          {
            "data_type": SceneObjectDef,
            "data": {
              "renderable_id": EnvironmentStoreRoom,
              "position": { "x": 2.5, "y": -0.3, "z":24.8 },
              "scale": { "x": 1, "y": 1, "z":1 },
              "orientation": { "x": 0, "y": 0, "z":0 },
              "origin_point": { "x": 0, "y": 0, "z":0 },
              "tint": { "x": 1, "y": 1, "z":1, "w": 1 }
            }
          },
          {
            "data_type": ShakeablePropDef,
            "data": {
              "shake_motivator": Sway,
              "shake_scale": 1.0
            }
          }
        ]
      },

      // Store Front (right):
      {
        "component_list": [
          {
            "data_type": SceneObjectDef,
            "data": {
              "renderable_id": EnvironmentStoreFront,
              "position": { "x": 12.8, "y": 0, "z":20.1 },
              "scale": { "x": 1, "y": 1, "z":1 },
              "orientation": { "x": 0, "y": 60, "z":0 },
              "origin_point": { "x": 0, "y": 0, "z":0 },
              "tint": { "x": 1, "y": 1, "z":1, "w": 1 }
            }
          },
          {
            "data_type": ShakeablePropDef,
            "data": {
              "shake_motivator": Sway,
              "shake_scale": 1.0
            }
          }
        ]
      },

      // Store room (right):
      {
        "component_list": [
          {
            "data_type": SceneObjectDef,
            "data": {
              "renderable_id": EnvironmentStoreRoom,
              "position": { "x": 12.8, "y": -0.3, "z":10.1 },
              "scale": { "x": 1, "y": 1, "z":1 },
              "orientation": { "x": 0, "y": 110, "z":0 },
              "origin_point": { "x": 0, "y": 0, "z":0 },
              "tint": { "x": 1, "y": 1, "z":1, "w": 1 }
            }
          },
          {
            "data_type": ShakeablePropDef,
            "data": {
              "shake_motivator": Sway,
              "shake_scale": 1.0
            }
          }
        ]
      },

      // sun:
      {
        "component_list": [
          {
            "data_type": SceneObjectDef,
            "data": {
              "renderable_id": EnvironmentSun,
              "position":  { "x": 4, "y": 12.5, "z":21.9 },
              "scale": { "x": 1, "y": 1, "z": 1 },
              "orientation": { "x": 0, "y": 0, "z":0 },
              "origin_point": { "x": 0, "y": 6, "z": 0 },
              "tint": { "x": 1, "y": 1, "z":1, "w": 1 }
            }
          },
          {
            "data_type": ShakeablePropDef,
            "data": {
              "shake_motivator": Pendulum,
              "shake_scale": 1.0,
              "shake_axis": Z
            }
          }
        ]
      },

      // cloud (left):
      {
        "component_list": [
          {
            "data_type": SceneObjectDef,
            "data": {
              "renderable_id": EnvironmentCloud,
              "position": { "x": -6, "y": 12, "z":23.5 },
              "scale": { "x": 1, "y": 1, "z": 1 },
              "orientation": { "x": 0, "y": -10, "z":0 },
              "origin_point": { "x": 0, "y": 4.6, "z": 0 },
              "tint": { "x": 1, "y": 1, "z":1, "w": 1 }

            }
          },
          {
            "data_type": ShakeablePropDef,
            "data": {
              "shake_motivator": Pendulum,
              "shake_scale": 0.7,
              "shake_axis": Z
            }
          }
        ]
      },

      // cloud (left):
      {
        "component_list": [
          {
            "data_type": SceneObjectDef,
            "data": {
              "renderable_id": EnvironmentCloud,
              "position": { "x": 14, "y": 12, "z":9 },
              "scale": { "x": 1, "y": 1, "z": 1 },
              "orientation": { "x": 0, "y": 90, "z":0 },
              "origin_point": { "x": 0, "y": 4.6, "z": 0 },
              "tint": { "x": 1, "y": 1, "z":1, "w": 1 }

            }
          },
          {
            "data_type": ShakeablePropDef,
            "data": {
              "shake_motivator": Pendulum,
              "shake_scale": 0.7,
              "shake_axis": Z
            }
          }
        ]
      },

      // Tree (left):
      {
        "component_list": [
          {
            "data_type": SceneObjectDef,
            "data": {
              "renderable_id": EnvironmentTree,
              "position": { "x": -11.5, "y": 0, "z":15.7 },
              "scale": { "x": 1, "y": 1, "z": 1 },
              "orientation": { "x": 0, "y": -40, "z":0 },
              "origin_point": { "x": 0, "y": 0, "z":0 },
              "tint": { "x": 1, "y": 1, "z":1, "w": 1 }
            }
          },
          {
            "data_type": ShakeablePropDef,
            "data": {
              "shake_motivator": Sway,
              "shake_scale": 0.6
            }
          }
        ]
      },

      // Bush (back left):
      {
        "component_list": [
          {
            "data_type": SceneObjectDef,
            "data": {
              "renderable_id": EnvironmentBush,
              "position": { "x": -1.5, "y": -0.1, "z":21.4 },
              "scale": { "x": 1, "y": 1, "z": 1 },
              "orientation": { "x": 0, "y": 0, "z":0 },
              "origin_point": { "x": 0, "y": 0, "z":0 },
              "tint": { "x": 1, "y": 1, "z":1, "w": 1 }
            }
          },
          {
            "data_type": ShakeablePropDef,
            "data": {
              "shake_motivator": Sway,
              "shake_scale": 1.0
            }
          }
        ]
      },

      // Bush (back left):
      {
        "component_list": [
          {
            "data_type": SceneObjectDef,
            "data": {
              "renderable_id": EnvironmentBush,
              "position": { "x": -7.5, "y": 0, "z":20.4 },
              "scale": { "x": 0.6, "y": 0.6, "z": 0.6 },
              "orientation": { "x": 0, "y": -20, "z":0 },
              "origin_point": { "x": 0, "y": 0, "z":0 },
              "tint": { "x": 1, "y": 1, "z":1, "w": 1 }
            }
          },
          {
            "data_type": ShakeablePropDef,
            "data": {
              "shake_motivator": Sway,
              "shake_scale": 1.0
            }
          }
        ]
      },

      // Tree (back right):
      {
        "component_list": [
          {
            "data_type": SceneObjectDef,
            "data": {
              "renderable_id": EnvironmentTree,
              "position": { "x": 6.5, "y": 0, "z":21.7 },
              "scale": { "x": 1, "y": 1, "z": 1 },
              "orientation": { "x": 0, "y": 40, "z":0 },
              "origin_point": { "x": 0, "y": 0, "z":0 },
              "tint": { "x": 1, "y": 1, "z":1, "w": 1 }
            }
          },
          {
            "data_type": ShakeablePropDef,
            "data": {
              "shake_motivator": Sway,
              "shake_scale": 0.6
            }
          }
        ]
      },

      // Bush (back right):
      {
        "component_list": [
          {
            "data_type": SceneObjectDef,
            "data": {
              "renderable_id": EnvironmentBush,
              "position": { "x": 8.5, "y": -0.1, "z":16.6 },
              "scale": { "x": 1, "y": 0.7, "z": 1 },
              "orientation": { "x": 0, "y": 60, "z":0 },
              "origin_point": { "x": 0, "y": 0, "z":0 },
              "tint": { "x": 1, "y": 1, "z":1, "w": 1 }
            }
          },
          {
            "data_type": ShakeablePropDef,
            "data": {
              "shake_motivator": Sway,
              "shake_scale": 1.0
            }
          }
        ]
      },

      // Tree (front right):
      {
        "component_list": [
          {
            "data_type": SceneObjectDef,
            "data": {
              "renderable_id": EnvironmentTree,
              "position": { "x": 8.0, "y": 0, "z":5.0 },
              "scale": { "x": 1.1, "y": 0.8, "z": 1 },
              "orientation": { "x": 0, "y": 130, "z":0 },
              "origin_point": { "x": 0, "y": 0, "z":0 },
              "tint": { "x": 1, "y": 1, "z":1, "w": 1 }
            }
          },
          {
            "data_type": ShakeablePropDef,
            "data": {
              "shake_motivator": Sway,
              "shake_scale": 0.6
            }
          }
        ]
      },

      // Bush (front right):
      {
        "component_list": [
          {
            "data_type": SceneObjectDef,
            "data": {
              "renderable_id": EnvironmentBush,
              "position": { "x": 7.0, "y": 0, "z":5.5 },
              "scale": { "x": 0.9, "y": 0.8, "z": 1.0 },
              "orientation": { "x": 0, "y": 130, "z":0 },
              "origin_point": { "x": 0, "y": 0, "z":0 },
              "tint": { "x": 1, "y": 1, "z":1, "w": 1 }
            }
          },
          {
            "data_type": ShakeablePropDef,
            "data": {
              "shake_motivator": Sway,
              "shake_scale": 1.0
            }
          }
        ]
      }
    ]
}
